{
    "nodes": 50,
    "edges": 52,
    "samples": 250,
    "jaccard_unweighted": 0.2857142857142857,
    "jaccard_weighted": 0.24186321689728923,
    "runtime": 7.259889841079712,
    "creation_date": "27-09-2024/19:11:34"
}