{
    "model": "PseudoIsingBlockState",
    "nodes": 40,
    "edges": 59,
    "samples": 200,
    "jaccard_unweighted": 0.30303030303030304,
    "jaccard_weighted": 0.2782694964334218,
    "runtime": 5.403260946273804,
    "creation_date": "27-09-2024/22:10:21"
}