{
    "model": "PseudoIsingBlockState",
    "nodes": 35,
    "edges": 48,
    "samples": 150,
    "jaccard_unweighted": 0.2782608695652174,
    "jaccard_weighted": 0.2774437322613895,
    "runtime": 5.562212944030762,
    "creation_date": "27-09-2024/22:07:13"
}