{
    "nodes": 95,
    "edges": 203,
    "samples": 300,
    "jaccard_unweighted": 0.5135802469135803,
    "jaccard_weighted": 0.3985731439334227,
    "runtime": 38.86288595199585,
    "creation_date": "27-09-2024/19:32:12"
}