{
    "nodes": 15,
    "edges": 18,
    "samples": 150,
    "jaccard_unweighted": 0.6122448979591837,
    "jaccard_weighted": 0.5953317394594484,
    "runtime": 1.7396249771118164,
    "creation_date": "27-09-2024/19:09:19"
}