{
    "model": "PseudoIsingBlockState",
    "nodes": 15,
    "edges": 0,
    "samples": 200,
    "jaccard_unweighted": 0.0,
    "jaccard_weighted": 2.368475785867e-16,
    "runtime": 0.33719301223754883,
    "creation_date": "27-09-2024/22:10:00"
}