{
    "nodes": 95,
    "edges": 185,
    "samples": 350,
    "jaccard_unweighted": 0.5839793281653747,
    "jaccard_weighted": 0.46264524276923996,
    "runtime": 35.76031994819641,
    "creation_date": "27-09-2024/20:05:09"
}