{
    "nodes": 20,
    "edges": 42,
    "samples": 1000,
    "jaccard_unweighted": 1.0,
    "jaccard_weighted": 0.9963541306307672,
    "runtime": 16.33570098876953,
    "creation_date": "27-09-2024/18:42:40"
}