{
    "nodes": 25,
    "edges": 58,
    "samples": 450,
    "jaccard_unweighted": 0.7884615384615384,
    "jaccard_weighted": 0.601105216135186,
    "runtime": 14.137537956237793,
    "creation_date": "27-09-2024/20:48:20"
}