{
    "nodes": 80,
    "edges": 149,
    "samples": 1000,
    "jaccard_unweighted": 1.0,
    "jaccard_weighted": 0.9949667288368751,
    "runtime": 71.75221467018127,
    "creation_date": "27-09-2024/18:51:51"
}