{
    "model": "PseudoIsingBlockState",
    "nodes": 55,
    "edges": 111,
    "samples": 200,
    "jaccard_unweighted": 0.16593886462882096,
    "jaccard_weighted": 0.1538378842797589,
    "runtime": 15.111330032348633,
    "creation_date": "27-09-2024/22:10:56"
}