{
    "model": "PseudoIsingBlockState",
    "nodes": 70,
    "edges": 124,
    "samples": 250,
    "jaccard_unweighted": 0.22535211267605634,
    "jaccard_weighted": 0.21562761308524062,
    "runtime": 20.89181089401245,
    "creation_date": "27-09-2024/22:20:10"
}