{
    "model": "PseudoIsingBlockState",
    "nodes": 85,
    "edges": 96,
    "samples": 100,
    "jaccard_unweighted": 0.1596958174904943,
    "jaccard_weighted": 0.14647630686241186,
    "runtime": 6.354551076889038,
    "creation_date": "27-09-2024/22:01:23"
}