{
    "nodes": 512,
    "edges": 1005,
    "samples": 700,
    "jaccard_unweighted": 0.9202575532441802,
    "jaccard_weighted": 0.7759350463227771,
    "creation_date": "11-09-2024/10:49:50"
}