{
    "nodes": 80,
    "edges": 0,
    "samples": 10,
    "jaccard_unweighted": 0.0,
    "jaccard_weighted": -3.552713678800501e-16,
    "runtime": 0.14830780029296875,
    "creation_date": "27-09-2024/19:05:05"
}