{
    "model": "PseudoIsingBlockState",
    "nodes": 60,
    "edges": 75,
    "samples": 150,
    "jaccard_unweighted": 0.14942528735632185,
    "jaccard_weighted": 0.13708845737754452,
    "runtime": 5.667450904846191,
    "creation_date": "27-09-2024/22:07:36"
}