{
    "model": "PseudoIsingBlockState",
    "nodes": 35,
    "edges": 49,
    "samples": 250,
    "jaccard_unweighted": 0.29310344827586204,
    "jaccard_weighted": 0.2710335229491248,
    "runtime": 6.689186096191406,
    "creation_date": "27-09-2024/22:18:19"
}