{
    "nodes": 45,
    "edges": 92,
    "samples": 1000,
    "jaccard_unweighted": 1.0,
    "jaccard_weighted": 0.9927143495447526,
    "runtime": 27.56713318824768,
    "creation_date": "27-09-2024/18:44:28"
}