{
    "nodes": 10,
    "edges": 0,
    "samples": 100,
    "jaccard_unweighted": 0.0,
    "jaccard_weighted": 1.77635683940025e-16,
    "runtime": 0.1254270076751709,
    "creation_date": "27-09-2024/19:05:16"
}