{
    "model": "PseudoIsingBlockState",
    "nodes": 95,
    "edges": 206,
    "samples": 250,
    "jaccard_unweighted": 0.17647058823529413,
    "jaccard_weighted": 0.16593075597520787,
    "runtime": 38.51579308509827,
    "creation_date": "27-09-2024/22:22:09"
}