{
    "nodes": 60,
    "edges": 99,
    "samples": 1000,
    "jaccard_unweighted": 1.0,
    "jaccard_weighted": 0.9968707699083089,
    "runtime": 56.80675005912781,
    "creation_date": "27-09-2024/18:46:44"
}