{
    "nodes": 60,
    "edges": 0,
    "samples": 100,
    "jaccard_unweighted": 0.0,
    "jaccard_weighted": 1.1842378929334998e-16,
    "runtime": 0.44078898429870605,
    "creation_date": "27-09-2024/19:05:22"
}