{
    "nodes": 64,
    "edges": 145,
    "samples": 800,
    "jaccard_unweighted": 0.9965635738831615,
    "jaccard_weighted": 0.9333675215657449,
    "creation_date": "11-09-2024/11:05:57"
}