{
    "nodes": 45,
    "edges": 57,
    "samples": 200,
    "jaccard_unweighted": 0.4563758389261745,
    "jaccard_weighted": 0.36546555251938045,
    "runtime": 7.609790086746216,
    "creation_date": "27-09-2024/19:06:22"
}