{
    "model": "PseudoIsingBlockState",
    "nodes": 25,
    "edges": 26,
    "samples": 100,
    "jaccard_unweighted": 0.3333333333333333,
    "jaccard_weighted": 0.3112304167551399,
    "runtime": 1.793900966644287,
    "creation_date": "27-09-2024/22:00:49"
}