{
    "model": "PseudoIsingBlockState",
    "nodes": 45,
    "edges": 66,
    "samples": 150,
    "jaccard_unweighted": 0.20253164556962025,
    "jaccard_weighted": 0.19273637538781108,
    "runtime": 6.5002970695495605,
    "creation_date": "27-09-2024/22:07:25"
}