{
    "model": "PseudoIsingBlockState",
    "nodes": 85,
    "edges": 99,
    "samples": 100,
    "jaccard_unweighted": 0.16541353383458646,
    "jaccard_weighted": 0.1524692812275489,
    "runtime": 10.320072889328003,
    "creation_date": "27-09-2024/22:06:07"
}