{
    "nodes": 90,
    "edges": 0,
    "samples": 150,
    "jaccard_unweighted": 0.0,
    "jaccard_weighted": 3.1579677144893343e-16,
    "runtime": 1.3704168796539307,
    "creation_date": "27-09-2024/19:10:07"
}