{
    "model": "PseudoIsingBlockState",
    "nodes": 75,
    "edges": 92,
    "samples": 100,
    "jaccard_unweighted": 0.07627118644067797,
    "jaccard_weighted": 0.07257560895057283,
    "runtime": 7.0448150634765625,
    "creation_date": "27-09-2024/22:01:16"
}