{
    "model": "PseudoIsingBlockState",
    "nodes": 45,
    "edges": 79,
    "samples": 200,
    "jaccard_unweighted": 0.2222222222222222,
    "jaccard_weighted": 0.20966113520172763,
    "runtime": 8.040428161621094,
    "creation_date": "27-09-2024/22:10:29"
}