{
    "model": "PseudoIsingBlockState",
    "nodes": 20,
    "edges": 19,
    "samples": 100,
    "jaccard_unweighted": 0.39344262295081966,
    "jaccard_weighted": 0.3451970513231943,
    "runtime": 1.8578717708587646,
    "creation_date": "27-09-2024/22:00:47"
}