{
    "model": "PseudoIsingBlockState",
    "nodes": 50,
    "edges": 83,
    "samples": 250,
    "jaccard_unweighted": 0.1875,
    "jaccard_weighted": 0.16792519180079704,
    "runtime": 14.36875295639038,
    "creation_date": "27-09-2024/22:18:59"
}