{
    "nodes": 55,
    "edges": 84,
    "samples": 250,
    "jaccard_unweighted": 0.46534653465346537,
    "jaccard_weighted": 0.37070318412861214,
    "runtime": 10.956958055496216,
    "creation_date": "27-09-2024/20:23:36"
}