{
    "model": "PseudoIsingBlockState",
    "nodes": 40,
    "edges": 46,
    "samples": 100,
    "jaccard_unweighted": 0.2184873949579832,
    "jaccard_weighted": 0.2087310211991031,
    "runtime": 1.9993748664855957,
    "creation_date": "27-09-2024/22:00:53"
}