{
    "model": "PseudoIsingBlockState",
    "nodes": 30,
    "edges": 56,
    "samples": 250,
    "jaccard_unweighted": 0.41379310344827586,
    "jaccard_weighted": 0.3641728252304864,
    "runtime": 9.446455001831055,
    "creation_date": "27-09-2024/22:18:12"
}