{
    "model": "PseudoIsingBlockState",
    "nodes": 15,
    "edges": 0,
    "samples": 150,
    "jaccard_unweighted": 0.0,
    "jaccard_weighted": 2.368475785867e-16,
    "runtime": 0.273162841796875,
    "creation_date": "27-09-2024/22:06:59"
}