{
    "model": "PseudoIsingBlockState",
    "nodes": 60,
    "edges": 71,
    "samples": 100,
    "jaccard_unweighted": 0.16470588235294117,
    "jaccard_weighted": 0.1630318831807147,
    "runtime": 4.087203025817871,
    "creation_date": "27-09-2024/22:05:42"
}