{
    "nodes": 95,
    "edges": 81,
    "samples": 150,
    "jaccard_unweighted": 0.1978798586572438,
    "jaccard_weighted": 0.19192741079692757,
    "runtime": 12.588549852371216,
    "creation_date": "27-09-2024/19:10:20"
}