{
    "nodes": 45,
    "edges": 0,
    "samples": 10,
    "jaccard_unweighted": 0.0,
    "jaccard_weighted": -4.736951571734e-16,
    "runtime": 0.10482192039489746,
    "creation_date": "27-09-2024/19:05:03"
}