{
    "nodes": 30,
    "edges": 47,
    "samples": 250,
    "jaccard_unweighted": 0.6355140186915887,
    "jaccard_weighted": 0.477947519456742,
    "runtime": 7.281010866165161,
    "creation_date": "27-09-2024/20:22:50"
}