{
    "nodes": 15,
    "edges": 0,
    "samples": 10,
    "jaccard_unweighted": 0.0,
    "jaccard_weighted": 2.368475785867e-16,
    "runtime": 0.052680015563964844,
    "creation_date": "27-09-2024/19:05:02"
}