{
    "model": "PseudoIsingBlockState",
    "nodes": 45,
    "edges": 91,
    "samples": 250,
    "jaccard_unweighted": 0.26229508196721313,
    "jaccard_weighted": 0.22894325387602424,
    "runtime": 12.821926832199097,
    "creation_date": "27-09-2024/22:18:44"
}