{
    "model": "PseudoIsingBlockState",
    "nodes": 80,
    "edges": 0,
    "samples": 250,
    "jaccard_unweighted": 0.0,
    "jaccard_weighted": -3.552713678800501e-16,
    "runtime": 1.0280640125274658,
    "creation_date": "27-09-2024/22:20:28"
}