{
    "nodes": 15,
    "edges": 18,
    "samples": 200,
    "jaccard_unweighted": 0.4897959183673469,
    "jaccard_weighted": 0.48974682649702483,
    "runtime": 1.7310490608215332,
    "creation_date": "27-09-2024/19:05:56"
}