{
    "nodes": 95,
    "edges": 151,
    "samples": 250,
    "jaccard_unweighted": 0.3286118980169972,
    "jaccard_weighted": 0.2665860080871158,
    "runtime": 27.806389093399048,
    "creation_date": "27-09-2024/20:25:53"
}