{
    "nodes": 60,
    "edges": 67,
    "samples": 250,
    "jaccard_unweighted": 0.5662650602409639,
    "jaccard_weighted": 0.4350755386782297,
    "runtime": 12.472514152526855,
    "creation_date": "27-09-2024/19:11:57"
}