{
    "nodes": 55,
    "edges": 0,
    "samples": 10,
    "jaccard_unweighted": 0.0,
    "jaccard_weighted": 1.2918958832001823e-16,
    "runtime": 0.10429692268371582,
    "creation_date": "27-09-2024/19:05:04"
}