{
    "nodes": 15,
    "edges": 31,
    "samples": 1000,
    "jaccard_unweighted": 1.0,
    "jaccard_weighted": 0.9919360334411106,
    "runtime": 7.402483940124512,
    "creation_date": "27-09-2024/18:42:23"
}