{
    "model": "PseudoIsingBlockState",
    "nodes": 80,
    "edges": 0,
    "samples": 200,
    "jaccard_unweighted": 0.0,
    "jaccard_weighted": -3.552713678800501e-16,
    "runtime": 0.8608150482177734,
    "creation_date": "27-09-2024/22:12:02"
}