{
    "model": "PseudoIsingBlockState",
    "nodes": 40,
    "edges": 76,
    "samples": 250,
    "jaccard_unweighted": 0.3221476510067114,
    "jaccard_weighted": 0.2703732413910743,
    "runtime": 12.839059114456177,
    "creation_date": "27-09-2024/22:18:32"
}