{
    "nodes": 60,
    "edges": 81,
    "samples": 250,
    "jaccard_unweighted": 0.5444444444444444,
    "jaccard_weighted": 0.392787512596285,
    "runtime": 16.601289987564087,
    "creation_date": "27-09-2024/20:23:53"
}