{
    "model": "PseudoIsingBlockState",
    "nodes": 20,
    "edges": 35,
    "samples": 250,
    "jaccard_unweighted": 0.36363636363636365,
    "jaccard_weighted": 0.3288993746782401,
    "runtime": 4.191357135772705,
    "creation_date": "27-09-2024/22:17:58"
}