{
    "model": "PseudoIsingBlockState",
    "nodes": 10,
    "edges": 11,
    "samples": 100,
    "jaccard_unweighted": 0.4666666666666667,
    "jaccard_weighted": 0.42125255579807624,
    "runtime": 0.9450078010559082,
    "creation_date": "27-09-2024/22:05:23"
}