{
    "nodes": 95,
    "edges": 211,
    "samples": 450,
    "jaccard_unweighted": 0.7021791767554479,
    "jaccard_weighted": 0.5599171570029489,
    "runtime": 65.09000277519226,
    "creation_date": "27-09-2024/20:56:37"
}