{
    "model": "PseudoIsingBlockState",
    "nodes": 75,
    "edges": 115,
    "samples": 250,
    "jaccard_unweighted": 0.16988416988416988,
    "jaccard_weighted": 0.14761171470981746,
    "runtime": 16.798359870910645,
    "creation_date": "27-09-2024/22:20:27"
}