{
    "nodes": 25,
    "edges": 54,
    "samples": 350,
    "jaccard_unweighted": 0.6,
    "jaccard_weighted": 0.44824844069103725,
    "runtime": 10.70399785041809,
    "creation_date": "27-09-2024/19:59:26"
}