{
    "model": "PseudoIsingBlockState",
    "nodes": 70,
    "edges": 125,
    "samples": 200,
    "jaccard_unweighted": 0.18947368421052632,
    "jaccard_weighted": 0.18903272277094385,
    "runtime": 17.588276863098145,
    "creation_date": "27-09-2024/22:11:44"
}