{
    "nodes": 25,
    "edges": 41,
    "samples": 250,
    "jaccard_unweighted": 0.5287356321839081,
    "jaccard_weighted": 0.4109095123195897,
    "runtime": 6.007487058639526,
    "creation_date": "27-09-2024/20:22:42"
}