{
    "nodes": 256,
    "edges": 520,
    "samples": 800,
    "jaccard_unweighted": 0.9795121951219512,
    "jaccard_weighted": 0.8723267081913529,
    "creation_date": "11-09-2024/11:13:47"
}