{
    "model": "PseudoIsingBlockState",
    "nodes": 95,
    "edges": 127,
    "samples": 100,
    "jaccard_unweighted": 0.0851063829787234,
    "jaccard_weighted": 0.07322973984472586,
    "runtime": 13.380254983901978,
    "creation_date": "27-09-2024/22:01:37"
}