{
    "model": "PseudoIsingBlockState",
    "nodes": 85,
    "edges": 148,
    "samples": 200,
    "jaccard_unweighted": 0.1523809523809524,
    "jaccard_weighted": 0.1396888784420362,
    "runtime": 24.444031953811646,
    "creation_date": "27-09-2024/22:12:27"
}