{
    "model": "PseudoIsingBlockState",
    "nodes": 50,
    "edges": 87,
    "samples": 200,
    "jaccard_unweighted": 0.16326530612244897,
    "jaccard_weighted": 0.15031989467894685,
    "runtime": 12.145591020584106,
    "creation_date": "27-09-2024/22:10:41"
}