{
    "nodes": 40,
    "edges": 0,
    "samples": 10,
    "jaccard_unweighted": 0.0,
    "jaccard_weighted": 1.7763568394002506e-16,
    "runtime": 0.09261965751647949,
    "creation_date": "27-09-2024/19:05:03"
}