{
    "model": "PseudoIsingBlockState",
    "nodes": 75,
    "edges": 97,
    "samples": 150,
    "jaccard_unweighted": 0.12448132780082988,
    "jaccard_weighted": 0.12220233396439564,
    "runtime": 14.828298091888428,
    "creation_date": "27-09-2024/22:08:15"
}