{
    "model": "PseudoIsingBlockState",
    "nodes": 45,
    "edges": 53,
    "samples": 100,
    "jaccard_unweighted": 0.16551724137931034,
    "jaccard_weighted": 0.14843663258516088,
    "runtime": 4.0462257862091064,
    "creation_date": "27-09-2024/22:05:37"
}