{
    "model": "PseudoIsingBlockState",
    "nodes": 65,
    "edges": 120,
    "samples": 250,
    "jaccard_unweighted": 0.14960629921259844,
    "jaccard_weighted": 0.1331196923758108,
    "runtime": 20.93910002708435,
    "creation_date": "27-09-2024/22:19:49"
}