{
    "model": "PseudoIsingBlockState",
    "nodes": 80,
    "edges": 0,
    "samples": 100,
    "jaccard_unweighted": 0.0,
    "jaccard_weighted": -3.552713678800501e-16,
    "runtime": 0.632188081741333,
    "creation_date": "27-09-2024/22:01:17"
}