{
    "nodes": 10,
    "edges": 23,
    "samples": 350,
    "jaccard_unweighted": 0.8571428571428571,
    "jaccard_weighted": 0.7119090949467091,
    "runtime": 4.804589033126831,
    "creation_date": "27-09-2024/19:59:04"
}