{
    "model": "PseudoIsingBlockState",
    "nodes": 35,
    "edges": 24,
    "samples": 100,
    "jaccard_unweighted": 0.26373626373626374,
    "jaccard_weighted": 0.24190112997383995,
    "runtime": 1.6866281032562256,
    "creation_date": "27-09-2024/22:05:28"
}