{
    "model": "PseudoIsingBlockState",
    "nodes": 20,
    "edges": 22,
    "samples": 100,
    "jaccard_unweighted": 0.375,
    "jaccard_weighted": 0.33610016706368534,
    "runtime": 1.69327712059021,
    "creation_date": "27-09-2024/22:05:25"
}