{
    "model": "PseudoIsingBlockState",
    "nodes": 70,
    "edges": 69,
    "samples": 100,
    "jaccard_unweighted": 0.1572052401746725,
    "jaccard_weighted": 0.13333552963968856,
    "runtime": 6.683403015136719,
    "creation_date": "27-09-2024/22:05:49"
}