{
    "model": "PseudoIsingBlockState",
    "nodes": 90,
    "edges": 138,
    "samples": 150,
    "jaccard_unweighted": 0.12944983818770225,
    "jaccard_weighted": 0.12141740294435252,
    "runtime": 14.234027862548828,
    "creation_date": "27-09-2024/22:08:45"
}