{
    "model": "PseudoIsingBlockState",
    "nodes": 95,
    "edges": 150,
    "samples": 150,
    "jaccard_unweighted": 0.125,
    "jaccard_weighted": 0.1157755919679326,
    "runtime": 20.781121015548706,
    "creation_date": "27-09-2024/22:09:06"
}