{
    "model": "PseudoIsingBlockState",
    "nodes": 25,
    "edges": 27,
    "samples": 150,
    "jaccard_unweighted": 0.3561643835616438,
    "jaccard_weighted": 0.34612459433578385,
    "runtime": 2.5462629795074463,
    "creation_date": "27-09-2024/22:07:04"
}