{
    "nodes": 75,
    "edges": 135,
    "samples": 350,
    "jaccard_unweighted": 0.6594982078853047,
    "jaccard_weighted": 0.47366588416104316,
    "runtime": 24.933091163635254,
    "creation_date": "27-09-2024/20:02:44"
}