{
    "nodes": 95,
    "edges": 216,
    "samples": 400,
    "jaccard_unweighted": 0.6698564593301436,
    "jaccard_weighted": 0.5297679693343046,
    "runtime": 53.476736068725586,
    "creation_date": "27-09-2024/20:36:53"
}