{
    "nodes": 40,
    "edges": 61,
    "samples": 300,
    "jaccard_unweighted": 0.6865671641791045,
    "jaccard_weighted": 0.5274524544544705,
    "runtime": 9.717396974563599,
    "creation_date": "27-09-2024/19:28:01"
}