{
    "nodes": 35,
    "edges": 67,
    "samples": 1000,
    "jaccard_unweighted": 1.0,
    "jaccard_weighted": 0.9993361967714417,
    "runtime": 24.469352960586548,
    "creation_date": "27-09-2024/18:43:43"
}