{
    "nodes": 512,
    "edges": 925,
    "samples": 500,
    "jaccard_unweighted": 0.7055183084063951,
    "jaccard_weighted": 0.5344861381993974,
    "creation_date": "10-09-2024/23:16:40"
}