{
    "nodes": 25,
    "edges": 41,
    "samples": 250,
    "jaccard_unweighted": 0.5287356321839081,
    "jaccard_weighted": 0.4138720440290744,
    "runtime": 6.264272212982178,
    "creation_date": "27-09-2024/19:10:44"
}