{
    "model": "PseudoIsingBlockState",
    "nodes": 40,
    "edges": 56,
    "samples": 100,
    "jaccard_unweighted": 0.21705426356589147,
    "jaccard_weighted": 0.21392407373446304,
    "runtime": 4.612184047698975,
    "creation_date": "27-09-2024/22:05:33"
}