{
    "model": "PseudoIsingBlockState",
    "nodes": 60,
    "edges": 75,
    "samples": 250,
    "jaccard_unweighted": 0.1724137931034483,
    "jaccard_weighted": 0.14122553484607014,
    "runtime": 10.188693284988403,
    "creation_date": "27-09-2024/22:19:28"
}