{
    "model": "PseudoIsingBlockState",
    "nodes": 20,
    "edges": 29,
    "samples": 150,
    "jaccard_unweighted": 0.4225352112676056,
    "jaccard_weighted": 0.4106505962081638,
    "runtime": 2.510136842727661,
    "creation_date": "27-09-2024/22:07:01"
}