{
    "nodes": 45,
    "edges": 62,
    "samples": 250,
    "jaccard_unweighted": 0.42857142857142855,
    "jaccard_weighted": 0.3481929861200479,
    "runtime": 11.435807943344116,
    "creation_date": "27-09-2024/20:23:18"
}