{
    "nodes": 35,
    "edges": 44,
    "samples": 250,
    "jaccard_unweighted": 0.4864864864864865,
    "jaccard_weighted": 0.41528966125757644,
    "runtime": 7.498559951782227,
    "creation_date": "27-09-2024/19:11:01"
}