{
    "model": "PseudoIsingBlockState",
    "nodes": 10,
    "edges": 17,
    "samples": 200,
    "jaccard_unweighted": 0.5555555555555556,
    "jaccard_weighted": 0.5166165114511806,
    "runtime": 1.2109050750732422,
    "creation_date": "27-09-2024/22:09:59"
}