{
    "nodes": 80,
    "edges": 78,
    "samples": 250,
    "jaccard_unweighted": 0.33480176211453744,
    "jaccard_weighted": 0.30326581468667907,
    "runtime": 16.73674702644348,
    "creation_date": "27-09-2024/20:24:42"
}