{
    "nodes": 65,
    "edges": 127,
    "samples": 350,
    "jaccard_unweighted": 0.6819923371647509,
    "jaccard_weighted": 0.5166044872187731,
    "runtime": 25.25557518005371,
    "creation_date": "27-09-2024/20:01:56"
}