{
    "model": "PseudoIsingBlockState",
    "nodes": 60,
    "edges": 78,
    "samples": 200,
    "jaccard_unweighted": 0.1807909604519774,
    "jaccard_weighted": 0.15625091292247367,
    "runtime": 13.145891904830933,
    "creation_date": "27-09-2024/22:11:09"
}