{
    "model": "PseudoIsingBlockState",
    "nodes": 15,
    "edges": 17,
    "samples": 250,
    "jaccard_unweighted": 0.4583333333333333,
    "jaccard_weighted": 0.44484332056947856,
    "runtime": 3.447139024734497,
    "creation_date": "27-09-2024/22:17:54"
}